Brand,City,Pivot Field Values
Great Clips,Chicago,https://www.yelp.com/biz/great-clips-rosemont?osq=Great+Clips
Great Clips,Chicago,https://www.yelp.com/biz/great-clips-chicago-21?osq=Great+Clips
Great Clips,Chicago,https://www.yelp.com/biz/great-clips-chicago-14?osq=Great+Clips
Great Clips,Chicago,https://www.yelp.com/biz/great-clips-chicago-9?osq=Great+Clips
Great Clips,Chicago,https://www.yelp.com/biz/great-clips-presidential-towers-chicago-4?osq=Great+Clips
Great Clips,Chicago,https://www.yelp.com/biz/great-clips-chicago-3?osq=Great+Clips
Great Clips,Chicago,https://www.yelp.com/biz/great-clips-chicago-22?osq=Great+Clips
Great Clips,Chicago,https://www.yelp.com/biz/great-clips-lincoln-square-chicago-3?osq=Great+Clips
Great Clips,Chicago,https://www.yelp.com/biz/great-clips-oak-park?osq=Great+Clips
Great Clips,Chicago,https://www.yelp.com/biz/great-clips-chicago?osq=Great+Clips
Great Clips,Dallas,https://www.yelp.com/biz/great-clips-coppell?osq=Great+Clips
Great Clips,Dallas,https://www.yelp.com/biz/great-clips-dallas-3?osq=Great+Clips
Great Clips,Dallas,https://www.yelp.com/biz/great-clips-rowlett?osq=Great+Clips
Great Clips,Dallas,https://www.yelp.com/biz/great-clips-irving-2?osq=Great+Clips
Great Clips,Dallas,https://www.yelp.com/biz/great-clips-garland?osq=Great+Clips
Great Clips,Dallas,https://www.yelp.com/biz/great-clips-dallas-6?osq=Great+Clips
Great Clips,Dallas,https://www.yelp.com/biz/great-clips-richardson?osq=Great+Clips
Great Clips,Dallas,https://www.yelp.com/biz/great-clips-addison-3?osq=Great+Clips
Great Clips,Dallas,https://www.yelp.com/biz/great-clips-richardson-2?osq=Great+Clips
Great Clips,Dallas,https://www.yelp.com/biz/great-clips-dallas-9?osq=Great+Clips
Great Clips,Houston,https://www.yelp.com/biz/great-clips-park-lakes-humble-2?osq=Great+Clips
Great Clips,Houston,https://www.yelp.com/biz/great-clips-pearland?osq=Great+Clips
Great Clips,Houston,https://www.yelp.com/biz/great-clips-houston-5?osq=Great+Clips
Great Clips,Houston,https://www.yelp.com/biz/great-clips-houston-8?osq=Great+Clips
Great Clips,Houston,https://www.yelp.com/biz/great-clips-houston-17?osq=Great+Clips
Great Clips,Houston,https://www.yelp.com/biz/great-clips-houston-18?osq=Great+Clips
Great Clips,Houston,https://www.yelp.com/biz/great-clips-houston-7?osq=Great+Clips
Great Clips,Houston,https://www.yelp.com/biz/great-clips-houston-6?osq=Great+Clips
Great Clips,Houston,https://www.yelp.com/biz/great-clips-houston-22?osq=Great+Clips
Great Clips,Houston,https://www.yelp.com/biz/great-clips-missouri-city?osq=Great+Clips
Great Clips,Los Angeles,https://www.yelp.com/biz/great-clips-los-angeles-3?osq=Great+Clips
Great Clips,Los Angeles,https://www.yelp.com/biz/great-clips-torrance-2?osq=Great+Clips
Great Clips,Los Angeles,https://www.yelp.com/biz/great-clips-los-angeles?osq=Great+Clips
Great Clips,Los Angeles,https://www.yelp.com/biz/great-clips-downey?osq=Great+Clips
Great Clips,Los Angeles,https://www.yelp.com/biz/great-clips-alhambra?osq=Great+Clips
Great Clips,Los Angeles,https://www.yelp.com/biz/great-clips-burbank-2?osq=Great+Clips
Great Clips,Los Angeles,https://www.yelp.com/biz/great-clips-la-ca%C3%B1ada-flintridge?osq=Great+Clips
Great Clips,Los Angeles,https://www.yelp.com/biz/great-clips-fullerton?osq=Great+Clips
Great Clips,New York,https://www.yelp.com/biz/great-clips-lodi-3?osq=Great+Clips
Great Clips,New York,https://www.yelp.com/biz/great-clips-lodi-2?osq=Great+Clips
Great Clips,New York,https://www.yelp.com/biz/great-clips-bayonne?osq=Great+Clips
Great Clips,New York,https://www.yelp.com/biz/great-clips-staten-island?osq=Great+Clips
Great Clips,New York,https://www.yelp.com/biz/great-clips-north-arlington?osq=Great+Clips
Great Clips,New York,https://www.yelp.com/biz/great-clips-linden?osq=Great+Clips
Great Clips,New York,https://www.yelp.com/biz/great-clips-carlstadt?osq=Great+Clips
Great Clips,New York,https://www.yelp.com/biz/great-clips-edgewater-2?osq=Great+Clips
Great Clips,Philadelphia,https://www.yelp.com/biz/great-clips-drexel-hill?osq=Great+Clips
Great Clips,Philadelphia,https://www.yelp.com/biz/great-clips-newtown-square?osq=Great+Clips
Great Clips,Philadelphia,https://www.yelp.com/biz/great-clips-folsom-2?osq=Great+Clips
Great Clips,Philadelphia,https://www.yelp.com/biz/great-clips-mount-laurel?osq=Great+Clips
Great Clips,Philadelphia,https://www.yelp.com/biz/great-clips-springfield-12?osq=Great+Clips
Great Clips,Philadelphia,https://www.yelp.com/biz/great-clips-aston?osq=Great+Clips
Great Clips,Philadelphia,https://www.yelp.com/biz/great-clips-abington?osq=Great+Clips
Great Clips,Philadelphia,https://www.yelp.com/biz/great-clips-audubon?osq=Great+Clips
Great Clips,Philadelphia,https://www.yelp.com/biz/great-clips-mount-laurel-2?osq=Great+Clips
Great Clips,Philadelphia,https://www.yelp.com/biz/great-clips-bala-cynwyd?osq=Great+Clips
Great Clips,Phoenix,https://www.yelp.com/biz/great-clips-phoenix-13?osq=Great+Clips
Great Clips,Phoenix,https://www.yelp.com/biz/great-clips-phoenix-7?osq=Great+Clips
Great Clips,Phoenix,https://www.yelp.com/biz/great-clips-mesa-2?osq=Great+Clips
Great Clips,Phoenix,https://www.yelp.com/biz/great-clips-camelback-colonnade-phoenix-2?osq=Great+Clips
Great Clips,Phoenix,https://www.yelp.com/biz/great-clips-phoenix-25?osq=Great+Clips
Great Clips,Phoenix,https://www.yelp.com/biz/great-clips-tempe-6?osq=Great+Clips
Great Clips,Phoenix,https://www.yelp.com/biz/great-clips-phoenix-33?osq=Great+Clips
Great Clips,Phoenix,https://www.yelp.com/biz/great-clips-tempe-9?osq=Great+Clips
Great Clips,Phoenix,https://www.yelp.com/biz/great-clips-phoenix-5?osq=Great+Clips
Great Clips,Phoenix,https://www.yelp.com/biz/great-clips-scottsdale-5?osq=Great+Clips
Great Clips,San Antonio,https://www.yelp.com/biz/great-clips-san-antonio-26?osq=Great+Clips
Great Clips,San Antonio,https://www.yelp.com/biz/great-clips-san-antonio-40?osq=Great+Clips
Great Clips,San Antonio,https://www.yelp.com/biz/great-clips-san-antonio-27?osq=Great+Clips
Great Clips,San Antonio,https://www.yelp.com/biz/great-clips-san-antonio-24?osq=Great+Clips
Great Clips,San Antonio,https://www.yelp.com/biz/great-clips-san-antonio-39?osq=Great+Clips
Great Clips,San Antonio,https://www.yelp.com/biz/great-clips-san-antonio-7?osq=Great+Clips
Great Clips,San Antonio,https://www.yelp.com/biz/great-clips-san-antonio-16?osq=Great+Clips
Great Clips,San Antonio,https://www.yelp.com/biz/great-clips-san-antonio-11?osq=Great+Clips
Great Clips,San Antonio,https://www.yelp.com/biz/great-clips-san-antonio-37?osq=Great+Clips
Great Clips,San Antonio,https://www.yelp.com/biz/great-clips-san-antonio-28?osq=Great+Clips
Great Clips,San Diego,https://www.yelp.com/biz/great-clips-chula-vista?osq=Great+Clips
Great Clips,San Diego,https://www.yelp.com/biz/great-clips-san-diego-19?osq=Great+Clips
Great Clips,San Diego,https://www.yelp.com/biz/great-clips-santee-2?osq=Great+Clips
Great Clips,San Diego,https://www.yelp.com/biz/great-clips-la-mesa-2?osq=Great+Clips
Great Clips,San Diego,https://www.yelp.com/biz/great-clips-san-diego-39?osq=Great+Clips
Great Clips,San Diego,https://www.yelp.com/biz/great-clips-torrey-highlands-san-diego?osq=Great+Clips
Great Clips,San Diego,https://www.yelp.com/biz/great-clips-san-diego-14?osq=Great+Clips
Great Clips,San Diego,https://www.yelp.com/biz/great-clips-san-diego-38?osq=Great+Clips
Great Clips,San Diego,https://www.yelp.com/biz/great-clips-san-diego-20?osq=Great+Clips
Great Clips,San Diego,https://www.yelp.com/biz/great-clips-scripps-ranch-san-diego-4?osq=Great+Clips
Great Clips,San Jose,https://www.yelp.com/biz/great-clips-san-jose-8?osq=Great+Clips
Great Clips,San Jose,https://www.yelp.com/biz/great-clips-san-jose-4?osq=Great+Clips
Great Clips,San Jose,https://www.yelp.com/biz/great-clips-san-jose-12?osq=Great+Clips
Great Clips,San Jose,https://www.yelp.com/biz/great-clips-san-jose-9?osq=Great+Clips
Great Clips,San Jose,https://www.yelp.com/biz/great-clips-palo-alto?osq=Great+Clips
Great Clips,San Jose,https://www.yelp.com/biz/great-clips-san-jose-13?osq=Great+Clips
Great Clips,San Jose,https://www.yelp.com/biz/great-clips-santa-clara-3?osq=Great+Clips
Great Clips,San Jose,https://www.yelp.com/biz/great-clips-cupertino-2?osq=Great+Clips
Great Clips,San Jose,https://www.yelp.com/biz/great-clips-mountain-view?osq=Great+Clips
Great Clips,San Jose,https://www.yelp.com/biz/great-clips-sunnyvale?osq=Great+Clips
Sport Clips,Chicago,https://www.yelp.com/biz/sport-clips-haircuts-of-chicago-wrigley-chicago?osq=sport+clips
Sport Clips,Chicago,https://www.yelp.com/biz/sport-clips-haircuts-of-south-loop-chicago-chicago?osq=sport+clips
Sport Clips,Chicago,https://www.yelp.com/biz/sport-clips-haircuts-of-oak-park-river-forest-river-forest?osq=sport+clips
Sport Clips,Chicago,https://www.yelp.com/biz/sport-clips-haircuts-of-chicago-west-lakeview-chicago?osq=sport+clips
Sport Clips,Chicago,https://www.yelp.com/biz/sport-clips-haircuts-of-n-wheaton-carol-stream?osq=sport+clips
Sport Clips,Chicago,https://www.yelp.com/biz/sport-clips-haircuts-of-clybourn-square-chicago?osq=sport+clips
Sport Clips,Chicago,https://www.yelp.com/biz/sport-clips-haircuts-of-chicago-old-town-chicago?osq=sport+clips
Sport Clips,Chicago,https://www.yelp.com/biz/sport-clips-haircuts-of-chicago-diversey-chicago?osq=sport+clips
Sport Clips,Chicago,https://www.yelp.com/biz/sport-clips-haircuts-of-chicago-river-north-chicago?osq=sport+clips
Sport Clips,Chicago,https://www.yelp.com/biz/sport-clips-haircuts-of-lincoln-park-depaul-chicago?osq=sport+clips
Sport Clips,Dallas,https://www.yelp.com/biz/sport-clips-haircuts-of-dallas-old-town-dallas?osq=sport+clips
Sport Clips,Dallas,https://www.yelp.com/biz/sport-clips-haircuts-of-north-dallas-dallas-2?osq=sport+clips
Sport Clips,Dallas,https://www.yelp.com/biz/sport-clips-haircuts-of-coppell-coppell?osq=sport+clips
Sport Clips,Dallas,https://www.yelp.com/biz/sport-clips-haircuts-of-richardson-eastside-richardson?osq=sport+clips
Sport Clips,Dallas,https://www.yelp.com/biz/sport-clips-haircuts-of-lakewood-closed-dallas-2?osq=sport+clips
Sport Clips,Dallas,https://www.yelp.com/biz/sport-clips-dallas-7?osq=sport+clips
Sport Clips,Dallas,https://www.yelp.com/biz/sport-clips-haircuts-of-farmers-branch-farmers-branch?osq=sport+clips
Sport Clips,Dallas,https://www.yelp.com/biz/sport-clips-haircuts-of-las-colinas-irving?osq=sport+clips
Sport Clips,Dallas,https://www.yelp.com/biz/sport-clips-haircuts-of-lemmon-ave-dallas?osq=sport+clips
Sport Clips,Dallas,https://www.yelp.com/biz/sport-clips-haircuts-of-dallas-knox-st-dallas?osq=sport+clips
Sport Clips,Houston,https://www.yelp.com/biz/sport-clips-haircuts-houston-w-19th-street-houston?osq=sport+clips
Sport Clips,Houston,https://www.yelp.com/biz/sport-clips-haircuts-of-cinco-ranch-katy?osq=sport+clips
Sport Clips,Houston,https://www.yelp.com/biz/sport-clips-haircuts-of-houston-river-oaks-houston?osq=sport+clips
Sport Clips,Houston,https://www.yelp.com/biz/sport-clips-haircuts-of-copperfield-houston?osq=sport+clips
Sport Clips,Houston,https://www.yelp.com/biz/sport-clips-haircuts-of-west-university-houston?osq=sport+clips
Sport Clips,Houston,https://www.yelp.com/biz/sport-clips-haircuts-of-post-oak-houston?osq=sport+clips
Sport Clips,Houston,https://www.yelp.com/biz/sport-clips-haircuts-of-sawyer-heights-houston?osq=sport+clips
Sport Clips,Houston,https://www.yelp.com/biz/sport-clips-haircuts-of-sawyer-heights-houston?osq=sport+clips
Sport Clips,Houston,https://www.yelp.com/biz/sport-clips-haircuts-of-houston-washington-heights-houston?osq=sport+clips
Sport Clips,Houston,https://www.yelp.com/biz/sport-clips-haircuts-of-houston-medical-center-houston?osq=sport+clips
Sport Clips,Houston,https://www.yelp.com/biz/sport-clips-haircuts-of-shepherd-square-houston?osq=sport+clips
Sport Clips,Los Angeles,https://www.yelp.com/biz/sport-clips-haircuts-of-manhattan-beach-manhattan-beach?osq=sport+clips
Sport Clips,Los Angeles,https://www.yelp.com/biz/sport-clips-haircuts-of-pasadena-colorado-blvd-pasadena?osq=sport+clips
Sport Clips,Los Angeles,https://www.yelp.com/biz/sport-clips-haircuts-of-noho-los-angeles?osq=sport+clips
Sport Clips,Los Angeles,https://www.yelp.com/biz/sport-clips-haircuts-of-burbank-burbank?osq=sport+clips
Sport Clips,Los Angeles,https://www.yelp.com/biz/sport-clips-haircuts-of-el-segundo-el-segundo?osq=sport+clips
Sport Clips,Los Angeles,https://www.yelp.com/biz/sport-clips-haircuts-of-south-pasadena-fair-oaks-south-pasadena?osq=sport+clips
Sport Clips,Los Angeles,https://www.yelp.com/biz/sport-clips-haircuts-of-encino-town-center-los-angeles-2?osq=sport+clips
Sport Clips,Los Angeles,https://www.yelp.com/biz/sport-clips-haircuts-of-la-canada-la-canada?osq=sport+clips
Sport Clips,Los Angeles,https://www.yelp.com/biz/sport-clips-haircuts-of-marina-del-rey-marina-del-rey?osq=sport+clips
Sport Clips,New York,https://www.yelp.com/biz/sport-clips-haircuts-of-northvale-northvale?osq=sport+clips
Sport Clips,New York,https://www.yelp.com/biz/sport-clips-haircuts-of-middletown-village-mall-middletown?osq=sport+clips
Sport Clips,New York,https://www.yelp.com/biz/sport-clips-haircuts-of-wyckoff-at-boulder-run-wyckoff-2?osq=sport+clips
Sport Clips,New York,https://www.yelp.com/biz/sport-clips-haircuts-of-edgewater-commons-mall-edgewater?osq=sport+clips
Sport Clips,New York,https://www.yelp.com/biz/sport-clips-haircuts-of-river-edge-new-bridge-landing-river-edge?osq=sport+clips
Sport Clips,New York,https://www.yelp.com/biz/sport-clips-haircuts-of-garwood-plaza-garwood?osq=sport+clips
Sport Clips,New York,https://www.yelp.com/biz/sport-clips-haircuts-of-paramus-sprout-brook-center-paramus-3?osq=sport+clips
Sport Clips,New York,https://www.yelp.com/biz/sport-clips-haircuts-of-west-caldwell-west-caldwell?osq=sport+clips
Sport Clips,New York,https://www.yelp.com/biz/sport-clips-haircuts-of-new-providence-new-providence?osq=sport+clips
Sport Clips,New York,https://www.yelp.com/biz/sport-clips-haircuts-of-wall-township-wall-township?osq=sport+clips
Sport Clips,Philadelphia,https://www.yelp.com/biz/sport-clips-haircuts-of-deptford-deptford-township?osq=sport+clips
Sport Clips,Philadelphia,https://www.yelp.com/biz/sport-clips-haircuts-of-deptford-deptford-township?osq=sport+clips
Sport Clips,Philadelphia,https://www.yelp.com/biz/sport-clips-haircuts-of-voorhees-eagles-plaza-voorhees-township-2?osq=sport+clips
Sport Clips,Philadelphia,https://www.yelp.com/biz/sport-clips-haircuts-of-willow-grove-willow-grove?osq=sport+clips
Sport Clips,Philadelphia,https://www.yelp.com/biz/sport-clips-haircuts-of-cherry-hill-cherry-hill?osq=sport+clips
Sport Clips,Phoenix,https://www.yelp.com/biz/sport-clips-haircuts-of-arcadia-phoenix?osq=sport+clips
Sport Clips,Phoenix,https://www.yelp.com/biz/sport-clips-haircuts-of-scottsdale-shea-scottsdale?osq=sport+clips
Sport Clips,Phoenix,https://www.yelp.com/biz/sport-clips-haircuts-of-tempe-tempe?osq=sport+clips
Sport Clips,Phoenix,https://www.yelp.com/biz/sport-clips-haircuts-of-mesa-riverview-mesa?osq=sport+clips
Sport Clips,Phoenix,https://www.yelp.com/biz/sport-clips-haircuts-of-scottsdale-fountain-plaza-scottsdale?osq=sport+clips
Sport Clips,Phoenix,https://www.yelp.com/biz/sport-clips-haircuts-of-mesa-dobson-and-baseline-mesa?osq=sport+clips
Sport Clips,Phoenix,https://www.yelp.com/biz/sport-clips-haircuts-of-ahwatukee-phoenix-2?osq=sport+clips
Sport Clips,Phoenix,https://www.yelp.com/biz/sport-clips-haircuts-of-chandler-chandler-2?osq=sport+clips
Sport Clips,Phoenix,https://www.yelp.com/biz/sport-clips-haircuts-of-chandler-raintree-ranch-chandler?osq=sport+clips
Sport Clips,San Antonio,https://www.yelp.com/biz/sport-clips-haircuts-of-westover-marketplace-san-antonio?osq=sport+clips
Sport Clips,San Antonio,https://www.yelp.com/biz/sport-clips-haircuts-of-the-forum-selma?osq=sport+clips
Sport Clips,San Antonio,https://www.yelp.com/biz/sport-clips-haircuts-of-westwood-vista-san-antonio?osq=sport+clips
Sport Clips,San Antonio,https://www.yelp.com/biz/sport-clips-haircuts-of-the-rim-san-antonio?osq=sport+clips
Sport Clips,San Antonio,https://www.yelp.com/biz/sport-clips-haircuts-of-the-market-at-park-north-san-antonio?osq=sport+clips
Sport Clips,San Antonio,https://www.yelp.com/biz/sport-clips-haircuts-of-bandera-pointe-san-antonio?osq=sport+clips
Sport Clips,San Antonio,https://www.yelp.com/biz/sport-clips-haircuts-of-san-antonio-terrell-plaza-san-antonio?osq=sport+clips
Sport Clips,San Antonio,https://www.yelp.com/biz/sport-clips-haircuts-of-thousand-oaks-and-jones-maltsberger-san-antonio?osq=sport+clips
Sport Clips,San Antonio,https://www.yelp.com/biz/sport-clips-haircuts-of-sonterra-park-san-antonio?osq=sport+clips
Sport Clips,San Antonio,https://www.yelp.com/biz/sport-clips-haircuts-of-huebner-oaks-san-antonio?osq=sport+clips
Sport Clips,San Diego,https://www.yelp.com/biz/sport-clips-haircuts-of-san-diego-pt-loma-san-diego?osq=sport+clips
Sport Clips,San Diego,https://www.yelp.com/biz/sport-clips-haircuts-of-village-walk-in-eastlake-chula-vista?osq=sport+clips
Sport Clips,San Diego,https://www.yelp.com/biz/sport-clips-haircuts-of-scripps-ranch-poway-san-diego?osq=sport+clips
Sport Clips,San Diego,https://www.yelp.com/biz/sport-clips-haircuts-of-la-jolla-san-diego?osq=sport+clips
Sport Clips,San Diego,https://www.yelp.com/biz/sport-clips-haircuts-of-santee-santee?osq=sport+clips
Sport Clips,San Diego,https://www.yelp.com/biz/sport-clips-haircuts-of-beachside-del-mar-del-mar?osq=sport+clips
Sport Clips,San Diego,https://www.yelp.com/biz/sport-clips-haircuts-of-kearny-mesa-san-diego?osq=sport+clips
Sport Clips,San Diego,https://www.yelp.com/biz/sport-clips-haircuts-of-camino-village-plaza-encinitas?osq=sport+clips
Sport Clips,San Diego,https://www.yelp.com/biz/sport-clips-haircuts-of-clairemont-town-square-san-diego?osq=sport+clips
Sport Clips,San Diego,https://www.yelp.com/biz/sport-clips-haircuts-of-mission-valley-san-diego?osq=sport+clips
Sport Clips,San Jose,https://www.yelp.com/biz/sport-clips-haircuts-of-sunnyvale-cherry-orchard-sunnyvale?osq=sport+clips
Sport Clips,San Jose,https://www.yelp.com/biz/sport-clips-haircuts-of-west-san-jose-san-jose-2?osq=sport+clips
Sport Clips,San Jose,https://www.yelp.com/biz/sport-clips-haircuts-of-san-jose-san-jose?osq=sport+clips
Supercuts,Chicago,https://www.yelp.com/biz/supercuts-chicago-2?osq=supercuts
Supercuts,Chicago,https://www.yelp.com/biz/supercuts-chicago-12?osq=supercuts
Supercuts,Chicago,https://www.yelp.com/biz/supercuts-chicago-26?osq=supercuts
Supercuts,Chicago,https://www.yelp.com/biz/supercuts-chicago-7?osq=supercuts
Supercuts,Chicago,https://www.yelp.com/biz/supercuts-chicago-3?osq=supercuts
Supercuts,Chicago,https://www.yelp.com/biz/supercuts-chicago-13?osq=supercuts
Supercuts,Chicago,https://www.yelp.com/biz/supercuts-chicago?osq=supercuts
Supercuts,Chicago,https://www.yelp.com/biz/supercuts-glenview?osq=supercuts
Supercuts,Chicago,https://www.yelp.com/biz/supercuts-evanston-2?osq=supercuts
Supercuts,Chicago,https://www.yelp.com/biz/supercuts-chicago-4?osq=supercuts
Supercuts,Dallas,https://www.yelp.com/biz/supercuts-dallas-19?osq=supercuts
Supercuts,Dallas,https://www.yelp.com/biz/supercuts-addison-2?osq=supercuts
Supercuts,Dallas,https://www.yelp.com/biz/supercuts-plano-3?osq=supercuts
Supercuts,Dallas,https://www.yelp.com/biz/supercuts-irving?osq=supercuts
Supercuts,Dallas,https://www.yelp.com/biz/supercuts-dallas-21?osq=supercuts
Supercuts,Dallas,https://www.yelp.com/biz/supercuts-plano?osq=supercuts
Supercuts,Dallas,https://www.yelp.com/biz/supercuts-coppell-3?osq=supercuts
Supercuts,Dallas,https://www.yelp.com/biz/supercuts-dallas-3?osq=supercuts
Supercuts,Dallas,https://www.yelp.com/biz/supercuts-coppell-2?osq=supercuts
Supercuts,Dallas,https://www.yelp.com/biz/supercuts-dallas-10?osq=supercuts
Supercuts,Houston,https://www.yelp.com/biz/supercuts-houston?osq=supercuts
Supercuts,Houston,https://www.yelp.com/biz/supercuts-houston-29?osq=supercuts
Supercuts,Houston,https://www.yelp.com/biz/supercuts-houston-19?osq=supercuts
Supercuts,Houston,https://www.yelp.com/biz/supercuts-houston-5?osq=supercuts
Supercuts,Houston,https://www.yelp.com/biz/supercuts-houston-25?osq=supercuts
Supercuts,Houston,https://www.yelp.com/biz/supercuts-houston-15?osq=supercuts
Supercuts,Houston,https://www.yelp.com/biz/supercuts-houston-40?osq=supercuts
Supercuts,Houston,https://www.yelp.com/biz/supercuts-houston-16?osq=supercuts
Supercuts,Houston,https://www.yelp.com/biz/supercuts-houston-23?osq=supercuts
Supercuts,Houston,https://www.yelp.com/biz/supercuts-houston-31?osq=supercuts
Supercuts,Los Angeles,https://www.yelp.com/biz/supercuts-west-hollywood?osq=supercuts
Supercuts,Los Angeles,https://www.yelp.com/biz/supercuts-south-pasadena?osq=supercuts
Supercuts,Los Angeles,https://www.yelp.com/biz/supercuts-los-angeles-3?osq=supercuts
Supercuts,Los Angeles,https://www.yelp.com/biz/supercuts-los-angeles-2?osq=supercuts
Supercuts,Los Angeles,https://www.yelp.com/biz/supercuts-santa-monica?osq=supercuts
Supercuts,Los Angeles,https://www.yelp.com/biz/supercuts-marina-del-rey?osq=supercuts
Supercuts,Los Angeles,https://www.yelp.com/biz/supercuts-los-angeles?osq=supercuts
Supercuts,Los Angeles,https://www.yelp.com/biz/supercuts-downey?osq=supercuts
Supercuts,Los Angeles,https://www.yelp.com/biz/supercuts-culver-city?osq=supercuts
Supercuts,Los Angeles,https://www.yelp.com/biz/supercuts-los-angeles-14?osq=supercuts
Supercuts,New York,https://www.yelp.com/biz/supercuts-fort-lee?osq=supercuts
Supercuts,New York,https://www.yelp.com/biz/supercuts-upper-montclair?osq=supercuts
Supercuts,New York,https://www.yelp.com/biz/supercuts-secaucus?osq=supercuts
Supercuts,New York,https://www.yelp.com/biz/supercuts-new-york-4?osq=supercuts
Supercuts,New York,https://www.yelp.com/biz/supercuts-new-york-16?osq=supercuts
Supercuts,New York,https://www.yelp.com/biz/supercuts-hoboken?osq=supercuts
Supercuts,New York,https://www.yelp.com/biz/supercuts-forest-hills?osq=supercuts
Supercuts,New York,https://www.yelp.com/biz/supercuts-bayside?osq=supercuts
Supercuts,New York,https://www.yelp.com/biz/supercuts-edgewater?osq=supercuts
Supercuts,New York,https://www.yelp.com/biz/supercuts-brooklyn-2?osq=supercuts
Supercuts,Philadelphia,https://www.yelp.com/biz/supercuts-philadelphia-9?osq=supercuts
Supercuts,Philadelphia,https://www.yelp.com/biz/supercuts-jenkintown?osq=supercuts
Supercuts,Philadelphia,https://www.yelp.com/biz/supercuts-villanova?osq=supercuts
Supercuts,Philadelphia,https://www.yelp.com/biz/supercuts-philadelphia-10?osq=supercuts
Supercuts,Philadelphia,https://www.yelp.com/biz/supercuts-philadelphia-2?osq=supercuts
Supercuts,Philadelphia,https://www.yelp.com/biz/supercuts-philadelphia-3?osq=supercuts
Supercuts,Philadelphia,https://www.yelp.com/biz/supercuts-wynnewood?osq=supercuts
Supercuts,Philadelphia,https://www.yelp.com/biz/supercuts-havertown?osq=supercuts
Supercuts,Philadelphia,https://www.yelp.com/biz/supercuts-bellmawr?osq=supercuts
Supercuts,Philadelphia,https://www.yelp.com/biz/supercuts-philadelphia-14?osq=supercuts
Supercuts,Phoenix,https://www.yelp.com/biz/supercuts-phoenix-deer-valley?osq=supercuts
Supercuts,Phoenix,https://www.yelp.com/biz/supercuts-chandler-13?osq=supercuts
Supercuts,Phoenix,https://www.yelp.com/biz/supercuts-scottsdale-6?osq=supercuts
Supercuts,Phoenix,https://www.yelp.com/biz/supercuts-phoenix-3?osq=supercuts
Supercuts,Phoenix,https://www.yelp.com/biz/supercuts-phoenix-6?osq=supercuts
Supercuts,Phoenix,https://www.yelp.com/biz/supercuts-phoenix-4?osq=supercuts
Supercuts,Phoenix,https://www.yelp.com/biz/supercuts-phoenix-7?osq=supercuts
Supercuts,Phoenix,https://www.yelp.com/biz/supercuts-scottsdale-4?osq=supercuts
Supercuts,Phoenix,https://www.yelp.com/biz/supercuts-phoenix-11?osq=supercuts
Supercuts,Phoenix,https://www.yelp.com/biz/supercuts-tempe-5?osq=supercuts
Supercuts,San Antonio,https://www.yelp.com/biz/supercuts-san-antonio-11?osq=supercuts
Supercuts,San Antonio,https://www.yelp.com/biz/supercuts-san-antonio-3?osq=supercuts
Supercuts,San Antonio,https://www.yelp.com/biz/supercuts-san-antonio-30?osq=supercuts
Supercuts,San Antonio,https://www.yelp.com/biz/supercuts-san-antonio-19?osq=supercuts
Supercuts,San Antonio,https://www.yelp.com/biz/supercuts-san-antonio-4?osq=supercuts
Supercuts,San Antonio,https://www.yelp.com/biz/supercuts-san-antonio-5?osq=supercuts
Supercuts,San Antonio,https://www.yelp.com/biz/supercuts-san-antonio-27?osq=supercuts
Supercuts,San Antonio,https://www.yelp.com/biz/supercuts-san-antonio-26?osq=supercuts
Supercuts,San Antonio,https://www.yelp.com/biz/supercuts-san-antonio-16?osq=supercuts
Supercuts,San Antonio,https://www.yelp.com/biz/supercuts-san-antonio-17?osq=supercuts
Supercuts,San Diego,https://www.yelp.com/biz/supercuts-poway?osq=supercuts
Supercuts,San Diego,https://www.yelp.com/biz/supercuts-san-diego-12?osq=supercuts
Supercuts,San Diego,https://www.yelp.com/biz/supercuts-san-diego-4?osq=supercuts
Supercuts,San Diego,https://www.yelp.com/biz/supercuts-san-diego-8?osq=supercuts
Supercuts,San Diego,https://www.yelp.com/biz/supercuts-san-diego-2?osq=supercuts
Supercuts,San Diego,https://www.yelp.com/biz/supercuts-la-jolla?osq=supercuts
Supercuts,San Diego,https://www.yelp.com/biz/supercuts-san-diego-21?osq=supercuts
Supercuts,San Diego,https://www.yelp.com/biz/supercuts-san-diego-14?osq=supercuts
Supercuts,San Diego,https://www.yelp.com/biz/supercuts-san-diego-18?osq=supercuts
Supercuts,San Diego,https://www.yelp.com/biz/supercuts-san-diego-3?osq=supercuts
Supercuts,San Jose,https://www.yelp.com/biz/supercuts-santa-clara-2?osq=supercuts
Supercuts,San Jose,https://www.yelp.com/biz/supercuts-san-jose-16?osq=supercuts
Supercuts,San Jose,https://www.yelp.com/biz/supercuts-mountain-view?osq=supercuts
Supercuts,San Jose,https://www.yelp.com/biz/supercuts-san-jose-9?osq=supercuts
Supercuts,San Jose,https://www.yelp.com/biz/supercuts-san-jose-15?osq=supercuts
Supercuts,San Jose,https://www.yelp.com/biz/supercuts-sunnyvale?osq=supercuts
Supercuts,San Jose,https://www.yelp.com/biz/supercuts-cupertino?osq=supercuts
Supercuts,San Jose,https://www.yelp.com/biz/supercuts-san-jose-13?osq=supercuts
Supercuts,San Jose,https://www.yelp.com/biz/supercuts-san-jose-6?osq=supercuts
Supercuts,San Jose,https://www.yelp.com/biz/supercuts-santa-clara?osq=supercuts